strategy,official_score,official_mean,official_std,official_sharpe,early_score,fold_median,fold_min,positive_folds,window_median,window_min,frozen_score,cost_10x_score,volume,config
baseline,507.42320734851864,526.3832844256,1608.8182351324358,5.173269623240277,364.81458510691186,430.23149888862383,116.19558120726877,8,422.4541340569365,326.05576875038946,290.57140743082743,123.46925434944993,108227825.92000002,"{'lag_weights': ((1, 1.0),), 'significance_se': 1.0, 'reversal_weight': 0.2, 'reversal_lookback': 20, 'reversal_mode': 'linear', 'hysteresis': 0.3, 'hedge_fraction': 1.0, 'hedge_beta_window': 0, 'hedge_beta_shrinkage': 0.0, 'cross_sectional_demean': False, 'soft_threshold': False, 'recent_window': 0, 'recent_weight': 0.0, 'consensus_window': 0, 'split_consensus': False, 'incoming_edges': 0, 'asymmetry_mode': 'none', 'svd_rank': 0, 'column_normalization': 'none', 'top_k': 50, 'long_reversal_lookback': 0, 'long_reversal_weight': 0.0, 'freeze_at': 0}"
hedge_0.800,513.1228834753733,531.9027300951999,1608.9314933817914,5.227146487223013,360.3541566055736,424.80608939068327,116.70657104224651,8,420.6779278114239,325.8123492293536,280.57649534620816,131.42389989267133,106052255.04999997,"{'lag_weights': ((1, 1.0),), 'significance_se': 1.0, 'reversal_weight': 0.2, 'reversal_lookback': 20, 'reversal_mode': 'linear', 'hysteresis': 0.3, 'hedge_fraction': 0.8, 'hedge_beta_window': 0, 'hedge_beta_shrinkage': 0.0, 'cross_sectional_demean': False, 'soft_threshold': False, 'recent_window': 0, 'recent_weight': 0.0, 'consensus_window': 0, 'split_consensus': False, 'incoming_edges': 0, 'asymmetry_mode': 'none', 'svd_rank': 0, 'column_normalization': 'none', 'top_k': 50, 'long_reversal_lookback': 0, 'long_reversal_weight': 0.0, 'freeze_at': 0}"
hedge_0.850,511.4996983883429,530.3228316399999,1608.5464132197887,5.212868057116056,361.41089135566824,425.43476152177374,116.30586523477558,8,420.8588944907097,325.86128382770084,283.3364538091623,129.21922642941925,106602485.74000005,"{'lag_weights': ((1, 1.0),), 'significance_se': 1.0, 'reversal_weight': 0.2, 'reversal_lookback': 20, 'reversal_mode': 'linear', 'hysteresis': 0.3, 'hedge_fraction': 0.85, 'hedge_beta_window': 0, 'hedge_beta_shrinkage': 0.0, 'cross_sectional_demean': False, 'soft_threshold': False, 'recent_window': 0, 'recent_weight': 0.0, 'consensus_window': 0, 'split_consensus': False, 'incoming_edges': 0, 'asymmetry_mode': 'none', 'svd_rank': 0, 'column_normalization': 'none', 'top_k': 50, 'long_reversal_lookback': 0, 'long_reversal_weight': 0.0, 'freeze_at': 0}"
hedge_0.875,510.8263024203705,529.668592832,1608.4384530663033,5.2067866047729,361.98126576653385,426.2637191999286,116.32734981002555,8,421.1239489972336,325.87187687566563,284.51318799683855,128.26891358234616,106874470.83999997,"{'lag_weights': ((1, 1.0),), 'significance_se': 1.0, 'reversal_weight': 0.2, 'reversal_lookback': 20, 'reversal_mode': 'linear', 'hysteresis': 0.3, 'hedge_fraction': 0.875, 'hedge_beta_window': 0, 'hedge_beta_shrinkage': 0.0, 'cross_sectional_demean': False, 'soft_threshold': False, 'recent_window': 0, 'recent_weight': 0.0, 'consensus_window': 0, 'split_consensus': False, 'incoming_edges': 0, 'asymmetry_mode': 'none', 'svd_rank': 0, 'column_normalization': 'none', 'top_k': 50, 'long_reversal_lookback': 0, 'long_reversal_weight': 0.0, 'freeze_at': 0}"
hedge_0.900,510.1513487658807,529.0141427568,1608.3878297583956,5.200516861049142,362.5196165282603,427.05738546223716,116.30088361977516,8,421.3742632440697,325.9145135495087,285.7625666260129,127.31701464023025,107145096.78000003,"{'lag_weights': ((1, 1.0),), 'significance_se': 1.0, 'reversal_weight': 0.2, 'reversal_lookback': 20, 'reversal_mode': 'linear', 'hysteresis': 0.3, 'hedge_fraction': 0.9, 'hedge_beta_window': 0, 'hedge_beta_shrinkage': 0.0, 'cross_sectional_demean': False, 'soft_threshold': False, 'recent_window': 0, 'recent_weight': 0.0, 'consensus_window': 0, 'split_consensus': False, 'incoming_edges': 0, 'asymmetry_mode': 'none', 'svd_rank': 0, 'column_normalization': 'none', 'top_k': 50, 'long_reversal_lookback': 0, 'long_reversal_weight': 0.0, 'freeze_at': 0}"
hedge_0.950,508.81385430110464,527.7210870296,1608.4552168786854,5.18758802483757,363.6486198167545,428.7033943295687,116.19857000569523,8,421.93701507821675,325.99115000296524,288.14710230077344,125.42475228818226,107685793.36999999,"{'lag_weights': ((1, 1.0),), 'significance_se': 1.0, 'reversal_weight': 0.2, 'reversal_lookback': 20, 'reversal_mode': 'linear', 'hysteresis': 0.3, 'hedge_fraction': 0.95, 'hedge_beta_window': 0, 'hedge_beta_shrinkage': 0.0, 'cross_sectional_demean': False, 'soft_threshold': False, 'recent_window': 0, 'recent_weight': 0.0, 'consensus_window': 0, 'split_consensus': False, 'incoming_edges': 0, 'asymmetry_mode': 'none', 'svd_rank': 0, 'column_normalization': 'none', 'top_k': 50, 'long_reversal_lookback': 0, 'long_reversal_weight': 0.0, 'freeze_at': 0}"
long60_0.05,516.0062936706116,535.1735974127998,1630.8638157996754,5.188561715009325,376.16276421748444,449.92826610005557,99.64055208018846,8,434.5034031467687,337.07158660235234,283.8281683653942,132.88362227705085,108060058.69999996,"{'lag_weights': ((1, 1.0),), 'significance_se': 1.0, 'reversal_weight': 0.2, 'reversal_lookback': 20, 'reversal_mode': 'linear', 'hysteresis': 0.3, 'hedge_fraction': 1.0, 'hedge_beta_window': 0, 'hedge_beta_shrinkage': 0.0, 'cross_sectional_demean': False, 'soft_threshold': False, 'recent_window': 0, 'recent_weight': 0.0, 'consensus_window': 0, 'split_consensus': False, 'incoming_edges': 0, 'asymmetry_mode': 'none', 'svd_rank': 0, 'column_normalization': 'none', 'top_k': 50, 'long_reversal_lookback': 60, 'long_reversal_weight': 0.05, 'freeze_at': 0}"
long60_0.10,518.0800138019413,537.4081174872,1641.2337173261503,5.1773055427218,373.4805745144332,448.8524476310431,87.55687337932555,8,438.45307771303527,338.05691101715666,276.79006656945444,135.59006528984028,107804457.44999996,"{'lag_weights': ((1, 1.0),), 'significance_se': 1.0, 'reversal_weight': 0.2, 'reversal_lookback': 20, 'reversal_mode': 'linear', 'hysteresis': 0.3, 'hedge_fraction': 1.0, 'hedge_beta_window': 0, 'hedge_beta_shrinkage': 0.0, 'cross_sectional_demean': False, 'soft_threshold': False, 'recent_window': 0, 'recent_weight': 0.0, 'consensus_window': 0, 'split_consensus': False, 'incoming_edges': 0, 'asymmetry_mode': 'none', 'svd_rank': 0, 'column_normalization': 'none', 'top_k': 50, 'long_reversal_lookback': 60, 'long_reversal_weight': 0.1, 'freeze_at': 0}"
long60_0.15,510.66629657492905,530.1471944143998,1637.202345934197,5.119931063075145,354.4717543205592,428.23910466152495,60.10910267266737,8,435.19210257918206,343.8136679695061,293.4114730608152,127.79296884321766,107886124.58000004,"{'lag_weights': ((1, 1.0),), 'significance_se': 1.0, 'reversal_weight': 0.2, 'reversal_lookback': 20, 'reversal_mode': 'linear', 'hysteresis': 0.3, 'hedge_fraction': 1.0, 'hedge_beta_window': 0, 'hedge_beta_shrinkage': 0.0, 'cross_sectional_demean': False, 'soft_threshold': False, 'recent_window': 0, 'recent_weight': 0.0, 'consensus_window': 0, 'split_consensus': False, 'incoming_edges': 0, 'asymmetry_mode': 'none', 'svd_rank': 0, 'column_normalization': 'none', 'top_k': 50, 'long_reversal_lookback': 60, 'long_reversal_weight': 0.15, 'freeze_at': 0}"
long60_0.20,516.6310884243981,535.9222565911999,1637.4226480280902,5.175007752721349,347.67648829682867,447.24465669671366,51.20221461664466,8,423.39319153790336,326.3489495196085,307.4708663879824,134.01871195998478,107886761.13000005,"{'lag_weights': ((1, 1.0),), 'significance_se': 1.0, 'reversal_weight': 0.2, 'reversal_lookback': 20, 'reversal_mode': 'linear', 'hysteresis': 0.3, 'hedge_fraction': 1.0, 'hedge_beta_window': 0, 'hedge_beta_shrinkage': 0.0, 'cross_sectional_demean': False, 'soft_threshold': False, 'recent_window': 0, 'recent_weight': 0.0, 'consensus_window': 0, 'split_consensus': False, 'incoming_edges': 0, 'asymmetry_mode': 'none', 'svd_rank': 0, 'column_normalization': 'none', 'top_k': 50, 'long_reversal_lookback': 60, 'long_reversal_weight': 0.2, 'freeze_at': 0}"
long60_0.25,515.45852600821,535.3196824031999,1661.455133057339,5.094418257317001,320.50910072875763,444.0836505589622,18.744271987624135,8,413.7195647051879,311.44043841894313,310.36110766416033,131.8366749486622,107992355.68000002,"{'lag_weights': ((1, 1.0),), 'significance_se': 1.0, 'reversal_weight': 0.2, 'reversal_lookback': 20, 'reversal_mode': 'linear', 'hysteresis': 0.3, 'hedge_fraction': 1.0, 'hedge_beta_window': 0, 'hedge_beta_shrinkage': 0.0, 'cross_sectional_demean': False, 'soft_threshold': False, 'recent_window': 0, 'recent_weight': 0.0, 'consensus_window': 0, 'split_consensus': False, 'incoming_edges': 0, 'asymmetry_mode': 'none', 'svd_rank': 0, 'column_normalization': 'none', 'top_k': 50, 'long_reversal_lookback': 60, 'long_reversal_weight': 0.25, 'freeze_at': 0}"
long60_0.05_hedge0875,519.1713639962379,538.2390538712,1630.9433848438823,5.218027037921938,374.00042735940593,447.2960337389119,100.25385019991882,8,433.42319696656267,336.70951129915335,278.1133418413774,137.41146556421452,106716352.96999997,"{'lag_weights': ((1, 1.0),), 'significance_se': 1.0, 'reversal_weight': 0.2, 'reversal_lookback': 20, 'reversal_mode': 'linear', 'hysteresis': 0.3, 'hedge_fraction': 0.875, 'hedge_beta_window': 0, 'hedge_beta_shrinkage': 0.0, 'cross_sectional_demean': False, 'soft_threshold': False, 'recent_window': 0, 'recent_weight': 0.0, 'consensus_window': 0, 'split_consensus': False, 'incoming_edges': 0, 'asymmetry_mode': 'none', 'svd_rank': 0, 'column_normalization': 'none', 'top_k': 50, 'long_reversal_lookback': 60, 'long_reversal_weight': 0.05, 'freeze_at': 0}"
long60_0.10_hedge0875,521.4125013213097,540.6306210536,1641.1012347588041,5.208771095745421,370.90988889382106,446.613304095261,91.13874713075133,8,436.9604955257787,337.1603843681432,270.55176469104225,140.28908834465236,106478162.86999999,"{'lag_weights': ((1, 1.0),), 'significance_se': 1.0, 'reversal_weight': 0.2, 'reversal_lookback': 20, 'reversal_mode': 'linear', 'hysteresis': 0.3, 'hedge_fraction': 0.875, 'hedge_beta_window': 0, 'hedge_beta_shrinkage': 0.0, 'cross_sectional_demean': False, 'soft_threshold': False, 'recent_window': 0, 'recent_weight': 0.0, 'consensus_window': 0, 'split_consensus': False, 'incoming_edges': 0, 'asymmetry_mode': 'none', 'svd_rank': 0, 'column_normalization': 'none', 'top_k': 50, 'long_reversal_lookback': 60, 'long_reversal_weight': 0.1, 'freeze_at': 0}"
long60_0.15_hedge0875,515.9921854783098,535.2918434088,1636.8688110394817,5.170669227325051,353.3556759427065,428.66445007843214,65.73766447226859,8,436.1880714494691,344.0243410409083,286.7964460099681,134.70178571971127,106514512.14999998,"{'lag_weights': ((1, 1.0),), 'significance_se': 1.0, 'reversal_weight': 0.2, 'reversal_lookback': 20, 'reversal_mode': 'linear', 'hysteresis': 0.3, 'hedge_fraction': 0.875, 'hedge_beta_window': 0, 'hedge_beta_shrinkage': 0.0, 'cross_sectional_demean': False, 'soft_threshold': False, 'recent_window': 0, 'recent_weight': 0.0, 'consensus_window': 0, 'split_consensus': False, 'incoming_edges': 0, 'asymmetry_mode': 'none', 'svd_rank': 0, 'column_normalization': 'none', 'top_k': 50, 'long_reversal_lookback': 60, 'long_reversal_weight': 0.15, 'freeze_at': 0}"
long60_0.20_hedge0875,521.8868541335296,541.0298549727999,1638.3552067127087,5.221354370696711,346.46464196805147,446.25134642062426,56.210401923990894,8,423.82781730245205,327.19355478737776,302.2039486569747,140.82838660393185,106523281.35999998,"{'lag_weights': ((1, 1.0),), 'significance_se': 1.0, 'reversal_weight': 0.2, 'reversal_lookback': 20, 'reversal_mode': 'linear', 'hysteresis': 0.3, 'hedge_fraction': 0.875, 'hedge_beta_window': 0, 'hedge_beta_shrinkage': 0.0, 'cross_sectional_demean': False, 'soft_threshold': False, 'recent_window': 0, 'recent_weight': 0.0, 'consensus_window': 0, 'split_consensus': False, 'incoming_edges': 0, 'asymmetry_mode': 'none', 'svd_rank': 0, 'column_normalization': 'none', 'top_k': 50, 'long_reversal_lookback': 60, 'long_reversal_weight': 0.2, 'freeze_at': 0}"
betahedge_w0_s0.25,508.01271892085873,526.8601567111998,1604.5535934030083,5.191718464408366,361.5793094591174,430.01325188986465,115.35662403807277,8,422.44501110217055,326.26936536525625,294.02339638042224,124.24021071640824,108149422.35000007,"{'lag_weights': ((1, 1.0),), 'significance_se': 1.0, 'reversal_weight': 0.2, 'reversal_lookback': 20, 'reversal_mode': 'linear', 'hysteresis': 0.3, 'hedge_fraction': 1.0, 'hedge_beta_window': 0, 'hedge_beta_shrinkage': 0.25, 'cross_sectional_demean': False, 'soft_threshold': False, 'recent_window': 0, 'recent_weight': 0.0, 'consensus_window': 0, 'split_consensus': False, 'incoming_edges': 0, 'asymmetry_mode': 'none', 'svd_rank': 0, 'column_normalization': 'none', 'top_k': 50, 'long_reversal_lookback': 0, 'long_reversal_weight': 0.0, 'freeze_at': 0}"
betahedge_w0_s0.5,508.8752082179815,527.6476554935998,1602.392181245871,5.206491934172783,358.8487593245139,430.1641331144271,119.71332417555799,8,422.8774298712908,327.2170016075195,297.4359231337762,125.23529552664007,108120687.56999998,"{'lag_weights': ((1, 1.0),), 'significance_se': 1.0, 'reversal_weight': 0.2, 'reversal_lookback': 20, 'reversal_mode': 'linear', 'hysteresis': 0.3, 'hedge_fraction': 1.0, 'hedge_beta_window': 0, 'hedge_beta_shrinkage': 0.5, 'cross_sectional_demean': False, 'soft_threshold': False, 'recent_window': 0, 'recent_weight': 0.0, 'consensus_window': 0, 'split_consensus': False, 'incoming_edges': 0, 'asymmetry_mode': 'none', 'svd_rank': 0, 'column_normalization': 'none', 'top_k': 50, 'long_reversal_lookback': 0, 'long_reversal_weight': 0.0, 'freeze_at': 0}"
betahedge_w0_s1.0,511.2467964856531,529.9922496791997,1604.6199797841546,5.222366268455538,349.3880935656365,433.13074400268056,123.28585158044461,8,422.114375466095,327.0349316847824,303.98737738392475,127.40951484405883,108571260.25,"{'lag_weights': ((1, 1.0),), 'significance_se': 1.0, 'reversal_weight': 0.2, 'reversal_lookback': 20, 'reversal_mode': 'linear', 'hysteresis': 0.3, 'hedge_fraction': 1.0, 'hedge_beta_window': 0, 'hedge_beta_shrinkage': 1.0, 'cross_sectional_demean': False, 'soft_threshold': False, 'recent_window': 0, 'recent_weight': 0.0, 'consensus_window': 0, 'split_consensus': False, 'incoming_edges': 0, 'asymmetry_mode': 'none', 'svd_rank': 0, 'column_normalization': 'none', 'top_k': 50, 'long_reversal_lookback': 0, 'long_reversal_weight': 0.0, 'freeze_at': 0}"
betahedge_w120_s0.25,509.336673765665,528.1773389591998,1606.184426380427,5.199413504966521,361.6963526811635,427.6109456180539,114.26613460016013,8,422.50300655476076,327.5541056657846,294.02518614749624,125.75230960410752,108029644.24999996,"{'lag_weights': ((1, 1.0),), 'significance_se': 1.0, 'reversal_weight': 0.2, 'reversal_lookback': 20, 'reversal_mode': 'linear', 'hysteresis': 0.3, 'hedge_fraction': 1.0, 'hedge_beta_window': 120, 'hedge_beta_shrinkage': 0.25, 'cross_sectional_demean': False, 'soft_threshold': False, 'recent_window': 0, 'recent_weight': 0.0, 'consensus_window': 0, 'split_consensus': False, 'incoming_edges': 0, 'asymmetry_mode': 'none', 'svd_rank': 0, 'column_normalization': 'none', 'top_k': 50, 'long_reversal_lookback': 0, 'long_reversal_weight': 0.0, 'freeze_at': 0}"
betahedge_w120_s0.5,511.48455919949737,530.2461235391999,1605.705024055703,5.221337187522948,358.4991644848345,425.6940577808509,117.57229241487603,8,422.7636380260686,329.45384338332684,297.41328373502006,128.19953155369302,107901337.00000003,"{'lag_weights': ((1, 1.0),), 'significance_se': 1.0, 'reversal_weight': 0.2, 'reversal_lookback': 20, 'reversal_mode': 'linear', 'hysteresis': 0.3, 'hedge_fraction': 1.0, 'hedge_beta_window': 120, 'hedge_beta_shrinkage': 0.5, 'cross_sectional_demean': False, 'soft_threshold': False, 'recent_window': 0, 'recent_weight': 0.0, 'consensus_window': 0, 'split_consensus': False, 'incoming_edges': 0, 'asymmetry_mode': 'none', 'svd_rank': 0, 'column_normalization': 'none', 'top_k': 50, 'long_reversal_lookback': 0, 'long_reversal_weight': 0.0, 'freeze_at': 0}"
betahedge_w120_s1.0,517.5481163301007,536.2246165623998,1610.6053387477057,5.264142260654876,349.0986325909065,424.735896918197,119.8204686460256,8,423.1334300932622,332.66594193866393,303.99489926370455,134.66836770292082,107958674.2099999,"{'lag_weights': ((1, 1.0),), 'significance_se': 1.0, 'reversal_weight': 0.2, 'reversal_lookback': 20, 'reversal_mode': 'linear', 'hysteresis': 0.3, 'hedge_fraction': 1.0, 'hedge_beta_window': 120, 'hedge_beta_shrinkage': 1.0, 'cross_sectional_demean': False, 'soft_threshold': False, 'recent_window': 0, 'recent_weight': 0.0, 'consensus_window': 0, 'split_consensus': False, 'incoming_edges': 0, 'asymmetry_mode': 'none', 'svd_rank': 0, 'column_normalization': 'none', 'top_k': 50, 'long_reversal_lookback': 0, 'long_reversal_weight': 0.0, 'freeze_at': 0}"
betahedge_w250_s0.25,507.4426687664134,526.3195977383999,1605.0616767006504,5.184750001190641,361.5793094591174,428.3633335297936,115.35662403807277,8,422.0712824708433,326.4140379769509,293.49687809206125,123.66250087388832,108084409.51000005,"{'lag_weights': ((1, 1.0),), 'significance_se': 1.0, 'reversal_weight': 0.2, 'reversal_lookback': 20, 'reversal_mode': 'linear', 'hysteresis': 0.3, 'hedge_fraction': 1.0, 'hedge_beta_window': 250, 'hedge_beta_shrinkage': 0.25, 'cross_sectional_demean': False, 'soft_threshold': False, 'recent_window': 0, 'recent_weight': 0.0, 'consensus_window': 0, 'split_consensus': False, 'incoming_edges': 0, 'asymmetry_mode': 'none', 'svd_rank': 0, 'column_normalization': 'none', 'top_k': 50, 'long_reversal_lookback': 0, 'long_reversal_weight': 0.0, 'freeze_at': 0}"
betahedge_w250_s0.5,507.87804794160616,526.7027834775998,1603.3204753182156,5.194159468989331,358.8487593245139,427.02848988311973,119.71332417555799,8,422.17850876558236,327.517789689731,296.3565733801215,124.23939509585567,107987587.77000003,"{'lag_weights': ((1, 1.0),), 'significance_se': 1.0, 'reversal_weight': 0.2, 'reversal_lookback': 20, 'reversal_mode': 'linear', 'hysteresis': 0.3, 'hedge_fraction': 1.0, 'hedge_beta_window': 250, 'hedge_beta_shrinkage': 0.5, 'cross_sectional_demean': False, 'soft_threshold': False, 'recent_window': 0, 'recent_weight': 0.0, 'consensus_window': 0, 'split_consensus': False, 'incoming_edges': 0, 'asymmetry_mode': 'none', 'svd_rank': 0, 'column_normalization': 'none', 'top_k': 50, 'long_reversal_lookback': 0, 'long_reversal_weight': 0.0, 'freeze_at': 0}"
betahedge_w250_s1.0,509.36312683207734,528.1904739023998,1605.6148696159905,5.2013872303474145,349.3880935656365,426.82390604000983,123.28585158044461,8,420.6929433656574,327.66810762972324,301.2198994939037,125.59564399511703,108248957.45999998,"{'lag_weights': ((1, 1.0),), 'significance_se': 1.0, 'reversal_weight': 0.2, 'reversal_lookback': 20, 'reversal_mode': 'linear', 'hysteresis': 0.3, 'hedge_fraction': 1.0, 'hedge_beta_window': 250, 'hedge_beta_shrinkage': 1.0, 'cross_sectional_demean': False, 'soft_threshold': False, 'recent_window': 0, 'recent_weight': 0.0, 'consensus_window': 0, 'split_consensus': False, 'incoming_edges': 0, 'asymmetry_mode': 'none', 'svd_rank': 0, 'column_normalization': 'none', 'top_k': 50, 'long_reversal_lookback': 0, 'long_reversal_weight': 0.0, 'freeze_at': 0}"
long60_0.025_beta120_s0.5,510.27314851191613,529.1139593272,1607.56173604786,5.204171061502022,352.5358219818989,437.517472052584,101.3509276980071,8,414.7527862916983,323.1025866048653,296.5327473462104,127.28669755184308,107707548.85000007,"{'lag_weights': ((1, 1.0),), 'significance_se': 1.0, 'reversal_weight': 0.2, 'reversal_lookback': 20, 'reversal_mode': 'linear', 'hysteresis': 0.3, 'hedge_fraction': 1.0, 'hedge_beta_window': 120, 'hedge_beta_shrinkage': 0.5, 'cross_sectional_demean': False, 'soft_threshold': False, 'recent_window': 0, 'recent_weight': 0.0, 'consensus_window': 0, 'split_consensus': False, 'incoming_edges': 0, 'asymmetry_mode': 'none', 'svd_rank': 0, 'column_normalization': 'none', 'top_k': 50, 'long_reversal_lookback': 60, 'long_reversal_weight': 0.025, 'freeze_at': 0}"
long60_0.025_beta120_s0.75,512.6539373353979,531.4412359231999,1608.5896646890744,5.223721079847438,348.152391590348,436.943502500176,103.54405534385232,8,414.62138338898865,324.8334804163869,299.69696717305567,129.8637290412329,107697091.40000002,"{'lag_weights': ((1, 1.0),), 'significance_se': 1.0, 'reversal_weight': 0.2, 'reversal_lookback': 20, 'reversal_mode': 'linear', 'hysteresis': 0.3, 'hedge_fraction': 1.0, 'hedge_beta_window': 120, 'hedge_beta_shrinkage': 0.75, 'cross_sectional_demean': False, 'soft_threshold': False, 'recent_window': 0, 'recent_weight': 0.0, 'consensus_window': 0, 'split_consensus': False, 'incoming_edges': 0, 'asymmetry_mode': 'none', 'svd_rank': 0, 'column_normalization': 'none', 'top_k': 50, 'long_reversal_lookback': 60, 'long_reversal_weight': 0.025, 'freeze_at': 0}"
long60_0.025_beta120_s1.0,515.6555268751881,534.4145406207999,1611.660020688094,5.242939395967568,344.4298707759176,436.51058425824806,107.86627440534532,8,415.3762187871103,327.47991037400584,302.7942255531155,133.02395225759963,107761782.67999993,"{'lag_weights': ((1, 1.0),), 'significance_se': 1.0, 'reversal_weight': 0.2, 'reversal_lookback': 20, 'reversal_mode': 'linear', 'hysteresis': 0.3, 'hedge_fraction': 1.0, 'hedge_beta_window': 120, 'hedge_beta_shrinkage': 1.0, 'cross_sectional_demean': False, 'soft_threshold': False, 'recent_window': 0, 'recent_weight': 0.0, 'consensus_window': 0, 'split_consensus': False, 'incoming_edges': 0, 'asymmetry_mode': 'none', 'svd_rank': 0, 'column_normalization': 'none', 'top_k': 50, 'long_reversal_lookback': 60, 'long_reversal_weight': 0.025, 'freeze_at': 0}"
long60_0.050_beta120_s0.5,520.549232138222,539.4781959543999,1626.583701417129,5.244057977859475,371.20340263700075,447.5409199813233,101.3509276980071,8,435.3507199964615,341.60120080974673,290.8686172833986,138.11122476613076,107791076.93000007,"{'lag_weights': ((1, 1.0),), 'significance_se': 1.0, 'reversal_weight': 0.2, 'reversal_lookback': 20, 'reversal_mode': 'linear', 'hysteresis': 0.3, 'hedge_fraction': 1.0, 'hedge_beta_window': 120, 'hedge_beta_shrinkage': 0.5, 'cross_sectional_demean': False, 'soft_threshold': False, 'recent_window': 0, 'recent_weight': 0.0, 'consensus_window': 0, 'split_consensus': False, 'incoming_edges': 0, 'asymmetry_mode': 'none', 'svd_rank': 0, 'column_normalization': 'none', 'top_k': 50, 'long_reversal_lookback': 60, 'long_reversal_weight': 0.05, 'freeze_at': 0}"
long60_0.050_beta120_s0.75,523.5813261495074,542.4339339735999,1627.4606521490703,5.26994833717444,367.87770321221853,448.0223946540602,103.54405534385232,8,435.9370629360762,343.91469788826475,294.30374541237796,141.3839381833672,107801351.69000003,"{'lag_weights': ((1, 1.0),), 'significance_se': 1.0, 'reversal_weight': 0.2, 'reversal_lookback': 20, 'reversal_mode': 'linear', 'hysteresis': 0.3, 'hedge_fraction': 1.0, 'hedge_beta_window': 120, 'hedge_beta_shrinkage': 0.75, 'cross_sectional_demean': False, 'soft_threshold': False, 'recent_window': 0, 'recent_weight': 0.0, 'consensus_window': 0, 'split_consensus': False, 'incoming_edges': 0, 'asymmetry_mode': 'none', 'svd_rank': 0, 'column_normalization': 'none', 'top_k': 50, 'long_reversal_lookback': 60, 'long_reversal_weight': 0.05, 'freeze_at': 0}"
long60_0.050_beta120_s1.0,526.4744913161795,545.3089861039999,1630.8010394925152,5.287028837013636,364.36503166371085,448.65290349189587,107.86627440534532,8,436.22775174159557,345.9485371128599,297.7086038644794,144.39671815517303,107895700.05999993,"{'lag_weights': ((1, 1.0),), 'significance_se': 1.0, 'reversal_weight': 0.2, 'reversal_lookback': 20, 'reversal_mode': 'linear', 'hysteresis': 0.3, 'hedge_fraction': 1.0, 'hedge_beta_window': 120, 'hedge_beta_shrinkage': 1.0, 'cross_sectional_demean': False, 'soft_threshold': False, 'recent_window': 0, 'recent_weight': 0.0, 'consensus_window': 0, 'split_consensus': False, 'incoming_edges': 0, 'asymmetry_mode': 'none', 'svd_rank': 0, 'column_normalization': 'none', 'top_k': 50, 'long_reversal_lookback': 60, 'long_reversal_weight': 0.05, 'freeze_at': 0}"
long60_0.075_beta120_s0.5,525.2952256111821,544.241303608,1634.2535469065244,5.26552969518791,387.2450337314522,437.9041081523552,121.30795720108055,8,447.99139209324505,355.39473506761954,276.8872436958599,143.82255967444166,107452997.58000007,"{'lag_weights': ((1, 1.0),), 'significance_se': 1.0, 'reversal_weight': 0.2, 'reversal_lookback': 20, 'reversal_mode': 'linear', 'hysteresis': 0.3, 'hedge_fraction': 1.0, 'hedge_beta_window': 120, 'hedge_beta_shrinkage': 0.5, 'cross_sectional_demean': False, 'soft_threshold': False, 'recent_window': 0, 'recent_weight': 0.0, 'consensus_window': 0, 'split_consensus': False, 'incoming_edges': 0, 'asymmetry_mode': 'none', 'svd_rank': 0, 'column_normalization': 'none', 'top_k': 50, 'long_reversal_lookback': 60, 'long_reversal_weight': 0.075, 'freeze_at': 0}"
long60_0.075_beta120_s0.75,528.1649693830524,547.0394143967999,1635.0872103887891,5.289902912784882,384.51333238619435,437.98953026587776,123.17121507380885,8,448.89162262476776,358.1503693910061,279.9006601775211,146.9169682576852,107463612.72000001,"{'lag_weights': ((1, 1.0),), 'significance_se': 1.0, 'reversal_weight': 0.2, 'reversal_lookback': 20, 'reversal_mode': 'linear', 'hysteresis': 0.3, 'hedge_fraction': 1.0, 'hedge_beta_window': 120, 'hedge_beta_shrinkage': 0.75, 'cross_sectional_demean': False, 'soft_threshold': False, 'recent_window': 0, 'recent_weight': 0.0, 'consensus_window': 0, 'split_consensus': False, 'incoming_edges': 0, 'asymmetry_mode': 'none', 'svd_rank': 0, 'column_normalization': 'none', 'top_k': 50, 'long_reversal_lookback': 60, 'long_reversal_weight': 0.075, 'freeze_at': 0}"
long60_0.075_beta120_s1.0,530.8956845322679,549.7562732743999,1638.3746634754432,5.305508014342882,381.5965582276204,438.2410975097712,127.18706320128456,8,449.4888869325639,360.5270965021489,282.8876234209798,149.72801435196,107585376.74999996,"{'lag_weights': ((1, 1.0),), 'significance_se': 1.0, 'reversal_weight': 0.2, 'reversal_lookback': 20, 'reversal_mode': 'linear', 'hysteresis': 0.3, 'hedge_fraction': 1.0, 'hedge_beta_window': 120, 'hedge_beta_shrinkage': 1.0, 'cross_sectional_demean': False, 'soft_threshold': False, 'recent_window': 0, 'recent_weight': 0.0, 'consensus_window': 0, 'split_consensus': False, 'incoming_edges': 0, 'asymmetry_mode': 'none', 'svd_rank': 0, 'column_normalization': 'none', 'top_k': 50, 'long_reversal_lookback': 60, 'long_reversal_weight': 0.075, 'freeze_at': 0}"
long60_0.100_beta120_s0.5,521.4407270440959,540.5949338167999,1638.217598791914,5.217595280595601,369.96343195209136,444.06655858201555,88.2684431939143,8,439.8477073671045,343.17680884111314,284.17957963943593,139.4528046877255,107600253.33000001,"{'lag_weights': ((1, 1.0),), 'significance_se': 1.0, 'reversal_weight': 0.2, 'reversal_lookback': 20, 'reversal_mode': 'linear', 'hysteresis': 0.3, 'hedge_fraction': 1.0, 'hedge_beta_window': 120, 'hedge_beta_shrinkage': 0.5, 'cross_sectional_demean': False, 'soft_threshold': False, 'recent_window': 0, 'recent_weight': 0.0, 'consensus_window': 0, 'split_consensus': False, 'incoming_edges': 0, 'asymmetry_mode': 'none', 'svd_rank': 0, 'column_normalization': 'none', 'top_k': 50, 'long_reversal_lookback': 60, 'long_reversal_weight': 0.1, 'freeze_at': 0}"
long60_0.100_beta120_s0.75,523.9049420547861,543.0125203247999,1639.6698977749525,5.236286781092463,367.29350291094624,443.4051662959761,89.94257379381521,8,440.68806103817667,345.7165493231811,287.78938677725444,142.11680184302267,107583921.98000003,"{'lag_weights': ((1, 1.0),), 'significance_se': 1.0, 'reversal_weight': 0.2, 'reversal_lookback': 20, 'reversal_mode': 'linear', 'hysteresis': 0.3, 'hedge_fraction': 1.0, 'hedge_beta_window': 120, 'hedge_beta_shrinkage': 0.75, 'cross_sectional_demean': False, 'soft_threshold': False, 'recent_window': 0, 'recent_weight': 0.0, 'consensus_window': 0, 'split_consensus': False, 'incoming_edges': 0, 'asymmetry_mode': 'none', 'svd_rank': 0, 'column_normalization': 'none', 'top_k': 50, 'long_reversal_lookback': 60, 'long_reversal_weight': 0.1, 'freeze_at': 0}"
long60_0.100_beta120_s1.0,526.2063629321045,545.3260871615998,1643.573167681218,5.24610810412255,363.9361350368035,442.8988400651716,93.72696016955733,8,440.92637020823094,347.14544559555156,291.62983089999284,144.4717272667552,107679336.51999995,"{'lag_weights': ((1, 1.0),), 'significance_se': 1.0, 'reversal_weight': 0.2, 'reversal_lookback': 20, 'reversal_mode': 'linear', 'hysteresis': 0.3, 'hedge_fraction': 1.0, 'hedge_beta_window': 120, 'hedge_beta_shrinkage': 1.0, 'cross_sectional_demean': False, 'soft_threshold': False, 'recent_window': 0, 'recent_weight': 0.0, 'consensus_window': 0, 'split_consensus': False, 'incoming_edges': 0, 'asymmetry_mode': 'none', 'svd_rank': 0, 'column_normalization': 'none', 'top_k': 50, 'long_reversal_lookback': 60, 'long_reversal_weight': 0.1, 'freeze_at': 0}"
long60_0.125_beta120_s0.5,516.3893843912715,535.7219035328,1638.9472624644527,5.168260890400055,362.4181675550539,439.62226346505406,86.97272917081557,8,438.2330234557801,345.12630878362324,297.6163243791746,133.50778146386946,107817113.32,"{'lag_weights': ((1, 1.0),), 'significance_se': 1.0, 'reversal_weight': 0.2, 'reversal_lookback': 20, 'reversal_mode': 'linear', 'hysteresis': 0.3, 'hedge_fraction': 1.0, 'hedge_beta_window': 120, 'hedge_beta_shrinkage': 0.5, 'cross_sectional_demean': False, 'soft_threshold': False, 'recent_window': 0, 'recent_weight': 0.0, 'consensus_window': 0, 'split_consensus': False, 'incoming_edges': 0, 'asymmetry_mode': 'none', 'svd_rank': 0, 'column_normalization': 'none', 'top_k': 50, 'long_reversal_lookback': 60, 'long_reversal_weight': 0.125, 'freeze_at': 0}"
long60_0.125_beta120_s0.75,518.9887690449002,538.2503947088,1639.539373168101,5.19077866204417,360.27777083722066,438.23217634434036,89.53736598398424,8,439.80703651177487,348.6484832964212,300.82876106447026,136.34899529905843,107777973.62000003,"{'lag_weights': ((1, 1.0),), 'significance_se': 1.0, 'reversal_weight': 0.2, 'reversal_lookback': 20, 'reversal_mode': 'linear', 'hysteresis': 0.3, 'hedge_fraction': 1.0, 'hedge_beta_window': 120, 'hedge_beta_shrinkage': 0.75, 'cross_sectional_demean': False, 'soft_threshold': False, 'recent_window': 0, 'recent_weight': 0.0, 'consensus_window': 0, 'split_consensus': False, 'incoming_edges': 0, 'asymmetry_mode': 'none', 'svd_rank': 0, 'column_normalization': 'none', 'top_k': 50, 'long_reversal_lookback': 60, 'long_reversal_weight': 0.125, 'freeze_at': 0}"
long60_0.125_beta120_s1.0,521.4556515198042,540.7044854263999,1642.5685372546932,5.20482913265377,357.24846856689186,437.0351184308398,93.89730021700981,8,440.6640102470378,350.94924168781586,304.2852632863937,138.8824584623313,107890339.64999996,"{'lag_weights': ((1, 1.0),), 'significance_se': 1.0, 'reversal_weight': 0.2, 'reversal_lookback': 20, 'reversal_mode': 'linear', 'hysteresis': 0.3, 'hedge_fraction': 1.0, 'hedge_beta_window': 120, 'hedge_beta_shrinkage': 1.0, 'cross_sectional_demean': False, 'soft_threshold': False, 'recent_window': 0, 'recent_weight': 0.0, 'consensus_window': 0, 'split_consensus': False, 'incoming_edges': 0, 'asymmetry_mode': 'none', 'svd_rank': 0, 'column_normalization': 'none', 'top_k': 50, 'long_reversal_lookback': 60, 'long_reversal_weight': 0.125, 'freeze_at': 0}"
